bus_id,route_id,trip_id,timestamp_sec,latitude,longitude,speed_kmph,source
SYN_MTC_001,23766,2073,22800,13.03432,80.26807,0.0,synthetic_from_MTC_GTFS
SYN_MTC_001,23766,2073,22810,13.0338775,80.26792916666666,18.545,synthetic_from_MTC_GTFS
SYN_MTC_001,23766,2073,22820,13.033434999999999,80.26778833333333,18.545,synthetic_from_MTC_GTFS
SYN_MTC_001,23766,2073,22830,13.032992499999999,80.2676475,18.545,synthetic_from_MTC_GTFS
SYN_MTC_001,23766,2073,22840,13.032549999999999,80.26750666666666,18.545,synthetic_from_MTC_GTFS
SYN_MTC_001,23766,2073,22850,13.032107499999999,80.26736583333333,18.545,synthetic_from_MTC_GTFS
SYN_MTC_001,23766,2073,22860,13.031665,80.267225,18.545,synthetic_from_MTC_GTFS
SYN_MTC_001,23766,2073,22870,13.0312225,80.26708416666666,18.545,synthetic_from_MTC_GTFS
SYN_MTC_001,23766,2073,22880,13.03078,80.26694333333333,18.545,synthetic_from_MTC_GTFS
SYN_MTC_001,23766,2073,22890,13.0303375,80.2668025,18.545,synthetic_from_MTC_GTFS
SYN_MTC_001,23766,2073,22900,13.029895,80.26666166666666,18.545,synthetic_from_MTC_GTFS
SYN_MTC_001,23766,2073,22910,13.0294525,80.26652083333333,18.545,synthetic_from_MTC_GTFS
SYN_MTC_001,23766,2073,22920,13.02901,80.26638,18.545,synthetic_from_MTC_GTFS
SYN_MTC_001,23766,2073,22930,13.028581666666666,80.26631666666667,17.323,synthetic_from_MTC_GTFS
SYN_MTC_001,23766,2073,22940,13.028153333333332,80.26625333333334,17.323,synthetic_from_MTC_GTFS
SYN_MTC_001,23766,2073,22950,13.027725,80.26619,17.323,synthetic_from_MTC_GTFS
SYN_MTC_001,23766,2073,22960,13.027296666666667,80.26612666666666,17.323,synthetic_from_MTC_GTFS
SYN_MTC_001,23766,2073,22970,13.026868333333333,80.26606333333334,17.323,synthetic_from_MTC_GTFS
SYN_MTC_001,23766,2073,22980,13.02644,80.266,17.323,synthetic_from_MTC_GTFS
SYN_MTC_001,23766,2073,22990,13.02571,80.26557,33.692,synthetic_from_MTC_GTFS
SYN_MTC_001,23766,2073,23000,13.02498,80.26514,33.692,synthetic_from_MTC_GTFS
SYN_MTC_001,23766,2073,23010,13.024249999999999,80.26471000000001,33.692,synthetic_from_MTC_GTFS
SYN_MTC_001,23766,2073,23020,13.02352,80.26428,33.692,synthetic_from_MTC_GTFS
SYN_MTC_001,23766,2073,23030,13.02279,80.26384999999999,33.692,synthetic_from_MTC_GTFS
SYN_MTC_001,23766,2073,23040,13.02206,80.26342,33.692,synthetic_from_MTC_GTFS
SYN_MTC_001,23766,2073,23050,13.021811666666666,80.26337916666667,10.068,synthetic_from_MTC_GTFS
SYN_MTC_001,23766,2073,23060,13.021563333333333,80.26333833333334,10.068,synthetic_from_MTC_GTFS
SYN_MTC_001,23766,2073,23070,13.021315,80.2632975,10.068,synthetic_from_MTC_GTFS
SYN_MTC_001,23766,2073,23080,13.021066666666666,80.26325666666666,10.068,synthetic_from_MTC_GTFS
SYN_MTC_001,23766,2073,23090,13.020818333333333,80.26321583333333,10.068,synthetic_from_MTC_GTFS
SYN_MTC_001,23766,2073,23100,13.02057,80.26317499999999,10.068,synthetic_from_MTC_GTFS
SYN_MTC_001,23766,2073,23110,13.020321666666668,80.26313416666666,10.068,synthetic_from_MTC_GTFS
SYN_MTC_001,23766,2073,23120,13.020073333333334,80.26309333333333,10.068,synthetic_from_MTC_GTFS
SYN_MTC_001,23766,2073,23130,13.019825,80.2630525,10.068,synthetic_from_MTC_GTFS
SYN_MTC_001,23766,2073,23140,13.019576666666667,80.26301166666667,10.068,synthetic_from_MTC_GTFS
SYN_MTC_001,23766,2073,23150,13.019328333333334,80.26297083333333,10.068,synthetic_from_MTC_GTFS
SYN_MTC_001,23766,2073,23160,13.01908,80.26293,10.068,synthetic_from_MTC_GTFS
SYN_MTC_001,23766,2073,23170,13.018571666666666,80.26238666666666,29.379,synthetic_from_MTC_GTFS
SYN_MTC_001,23766,2073,23180,13.018063333333334,80.26184333333333,29.379,synthetic_from_MTC_GTFS
SYN_MTC_001,23766,2073,23190,13.017555000000002,80.2613,29.379,synthetic_from_MTC_GTFS
SYN_MTC_001,23766,2073,23200,13.017046666666667,80.26075666666667,29.379,synthetic_from_MTC_GTFS
SYN_MTC_001,23766,2073,23210,13.016538333333333,80.26021333333333,29.379,synthetic_from_MTC_GTFS
SYN_MTC_001,23766,2073,23220,13.01603,80.25967,29.379,synthetic_from_MTC_GTFS
SYN_MTC_001,23766,2073,23230,13.015290833333333,80.25960083333334,29.712,synthetic_from_MTC_GTFS
SYN_MTC_001,23766,2073,23240,13.014551666666668,80.25953166666667,29.712,synthetic_from_MTC_GTFS
SYN_MTC_001,23766,2073,23250,13.0138125,80.2594625,29.712,synthetic_from_MTC_GTFS
SYN_MTC_001,23766,2073,23260,13.013073333333335,80.25939333333334,29.712,synthetic_from_MTC_GTFS
SYN_MTC_001,23766,2073,23270,13.012334166666667,80.25932416666667,29.712,synthetic_from_MTC_GTFS
SYN_MTC_001,23766,2073,23280,13.011595,80.259255,29.712,synthetic_from_MTC_GTFS
SYN_MTC_001,23766,2073,23290,13.010855833333334,80.25918583333333,29.712,synthetic_from_MTC_GTFS
SYN_MTC_001,23766,2073,23300,13.010116666666667,80.25911666666667,29.712,synthetic_from_MTC_GTFS
SYN_MTC_001,23766,2073,23310,13.009377500000001,80.25904750000001,29.712,synthetic_from_MTC_GTFS
SYN_MTC_001,23766,2073,23320,13.008638333333334,80.25897833333335,29.712,synthetic_from_MTC_GTFS
SYN_MTC_001,23766,2073,23330,13.007899166666668,80.25890916666667,29.712,synthetic_from_MTC_GTFS
SYN_MTC_001,23766,2073,23340,13.00716,80.25884,29.712,synthetic_from_MTC_GTFS
SYN_MTC_001,23766,2073,23350,13.0071075,80.25841833333334,16.58,synthetic_from_MTC_GTFS
SYN_MTC_001,23766,2073,23360,13.007055000000001,80.25799666666667,16.58,synthetic_from_MTC_GTFS
SYN_MTC_001,23766,2073,23370,13.0070025,80.257575,16.58,synthetic_from_MTC_GTFS
SYN_MTC_001,23766,2073,23380,13.00695,80.25715333333333,16.58,synthetic_from_MTC_GTFS
SYN_MTC_001,23766,2073,23390,13.006897500000001,80.25673166666667,16.58,synthetic_from_MTC_GTFS
SYN_MTC_001,23766,2073,23400,13.006845,80.25631000000001,16.58,synthetic_from_MTC_GTFS
SYN_MTC_001,23766,2073,23410,13.0067925,80.25588833333335,16.58,synthetic_from_MTC_GTFS
SYN_MTC_001,23766,2073,23420,13.00674,80.25546666666668,16.58,synthetic_from_MTC_GTFS
SYN_MTC_001,23766,2073,23430,13.0066875,80.25504500000001,16.58,synthetic_from_MTC_GTFS
SYN_MTC_001,23766,2073,23440,13.006635,80.25462333333334,16.58,synthetic_from_MTC_GTFS
SYN_MTC_001,23766,2073,23450,13.0065825,80.25420166666667,16.58,synthetic_from_MTC_GTFS
SYN_MTC_001,23766,2073,23460,13.00653,80.25378,16.58,synthetic_from_MTC_GTFS
SYN_MTC_001,23766,2073,23470,13.006554999999999,80.25312333333333,25.632,synthetic_from_MTC_GTFS
SYN_MTC_001,23766,2073,23480,13.00658,80.25246666666668,25.632,synthetic_from_MTC_GTFS
SYN_MTC_001,23766,2073,23490,13.006605,80.25181,25.632,synthetic_from_MTC_GTFS
SYN_MTC_001,23766,2073,23500,13.00663,80.25115333333333,25.632,synthetic_from_MTC_GTFS
SYN_MTC_001,23766,2073,23510,13.006654999999999,80.25049666666668,25.632,synthetic_from_MTC_GTFS
SYN_MTC_001,23766,2073,23520,13.00668,80.24984,25.632,synthetic_from_MTC_GTFS
SYN_MTC_001,23766,2073,23530,13.006663333333332,80.24918833333334,25.426,synthetic_from_MTC_GTFS
SYN_MTC_001,23766,2073,23540,13.006646666666667,80.24853666666667,25.426,synthetic_from_MTC_GTFS
SYN_MTC_001,23766,2073,23550,13.00663,80.247885,25.426,synthetic_from_MTC_GTFS
SYN_MTC_001,23766,2073,23560,13.006613333333332,80.24723333333334,25.426,synthetic_from_MTC_GTFS
SYN_MTC_001,23766,2073,23570,13.006596666666667,80.24658166666667,25.426,synthetic_from_MTC_GTFS
SYN_MTC_001,23766,2073,23580,13.00658,80.24593,25.426,synthetic_from_MTC_GTFS
